﻿-- IF OBJECT_ID('EventXNations', 'U') IS NOT NULL DROP TABLE EventXNations;
-- IF OBJECT_ID('Nations', 'U') IS NOT NULL DROP TABLE Nations;
-- IF OBJECT_ID('FencingEventsAtOlympics', 'U') IS NOT NULL DROP TABLE FencingAtOlympics;
-- IF OBJECT_ID('OlympicsHost', 'U') IS NOT NULL DROP TABLE OlympicsHost;
/*DROP TABLE EventXNations;
DROP TABLE Nations;
DROP TABLE FencingAtOlympics;
DROP TABLE OlympicsHost;*/

-- creating OlympicsHost TABLE
CREATE TABLE OlympicsHost 
    (ID					INT NOT NULL,
	City				VARCHAR(55) NOT NULL,
    Country				VARCHAR(55) NOT NULL,
    Continent			VARCHAR(55) NOT NULL,
	CountryCode			VARCHAR(3),
	Comment				VARCHAR(100)
  CONSTRAINT OlympicsHost_PRIMARY_KEY PRIMARY KEY (ID));

-- creating FencingEventsAtOlympics TABLE
CREATE TABLE FencingEventsAtOlympics 
    (ID					INT NOT NULL,
	Weapons				INT NOT NULL,
	Sex					BIT NOT NULL,
	Team_Individual		BIT NOT NULL,
	YearOfEvent			INT NOT NULL,
	OlympicHostID		INT
  CONSTRAINT FencingEventsAtOlympics_OlympicHostID FOREIGN KEY (OlympicHostID) REFERENCES OlympicsHost (ID),
  CONSTRAINT FencingEventsAtOlympics_PRIMARY_KEY PRIMARY KEY (ID));

-- creating Nations TABLE
CREATE TABLE Nations 
    (ID					INT NOT NULL,
	Nation				VARCHAR(55) NOT NULL,
	Anthem				VARCHAR(55),
	NumOfFencers		INT,
	Gold				INT,
	Silver				INT,
	Bronze				INT
	CONSTRAINT Nations_PRIMARY_KEY PRIMARY KEY (ID));

-- creating EventXNations TABLE
CREATE TABLE EventXNations
	(ID					INT NOT NULL,
	EventID				INT NOT NULL,
	NationsID			INT NOT NULL,
	CONSTRAINT EventXNations_EventID FOREIGN KEY (EventID) REFERENCES FencingEventsAtOlympics (ID),
	CONSTRAINT EventXNations_NationsID FOREIGN KEY (NationsID) REFERENCES Nations (ID),
	CONSTRAINT EventXNations_PRIMARY_KEY PRIMARY KEY (ID));

-- upload OlympicsHost table with data (date --> yyyymmdd)
INSERT INTO OlympicsHost VALUES (1,'Athens'			,'Greece'			,'Europe'		,'GRC'	,	'');
INSERT INTO OlympicsHost VALUES (2,'Paris'			,'France'			,'Europe'		,'FRA'	,	'');
INSERT INTO OlympicsHost VALUES (3,'St. Louis'		,'United States'	,'North America','USA'	,	'');
INSERT INTO OlympicsHost VALUES (4,'London'			,'United Kingdom'	,'Europe'		,'GBR'	,	'');
INSERT INTO OlympicsHost VALUES (5,'Stockholm'		,'Sweden'			,'Europe'		,'SWE'	,	'');
INSERT INTO OlympicsHost VALUES (6,'Berlin'			,'Germany'			,'Europe'		,'DEU'	,	'');
INSERT INTO OlympicsHost VALUES (7,'Antwerp'		,'Belgium'			,'Europe'		,'BEL'	,	'');
INSERT INTO OlympicsHost VALUES (8,'Amsterdam'		,'Netherlands'		,'Europe'		,'NLD'	,	'');
INSERT INTO OlympicsHost VALUES (9,'Los Angeles'	,'United States'	,'North America','USA'	,	'');
INSERT INTO OlympicsHost VALUES (10,'Helsinki'		,'Finland'			,'Europe'		,'FIN'	,	'');
INSERT INTO OlympicsHost VALUES (11,'Melbourne'		,'Australia'		,'Oceania'		,'AUS'	,	'');
INSERT INTO OlympicsHost VALUES (12,'Rome'			,'Italy'			,'Europe'		,'ITA'	,	'');
INSERT INTO OlympicsHost VALUES (13,'Tokyo'			,'Japan'			,'Asia'			,'JPN'	,	'');
INSERT INTO OlympicsHost VALUES (14,'Mexico city'	,'Mexico'			,'North America','MEX'	,	'');
INSERT INTO OlympicsHost VALUES (15,'Munich'		,'West Germany'		,'Europe'		,'DEU'	,	'');
INSERT INTO OlympicsHost VALUES (16,'Montreal'		,'Canada'			,'North America','CAN'	,	'');
INSERT INTO OlympicsHost VALUES (17,'Moscow'		,'Soviet Union'		,'Europe'		,'SUN'	,	'');
INSERT INTO OlympicsHost VALUES (18,'Seoul'			,'South Korea'		,'Asia'			,'KOR'	,	'');
INSERT INTO OlympicsHost VALUES (19,'Barcelona'		,'Spain'			,'Europe'		,'ESP'	,	'');
INSERT INTO OlympicsHost VALUES (20,'Atlanta'		,'United States'	,'North America','USA'	,	'');
INSERT INTO OlympicsHost VALUES (21,'Sydney'		,'Australia'		,'Oceania'		,'AUS'	,	'');
INSERT INTO OlympicsHost VALUES (22,'Beijing'		,'China'			,'Asia'			,'CHN'	,	'');
INSERT INTO OlympicsHost VALUES (23,'Riode Janeiro'	,'Brazil'			,'South America','BRA'	,	'');

-- upload FencingEventsAtOlympics table with data (weapons- foil-1 epée-2 sabre-3 | sex- woman-0 man-1 | individual-0 team-1 | )
INSERT INTO FencingEventsAtOlympics VALUES (1  ,1,1,0,1896,1);
INSERT INTO FencingEventsAtOlympics VALUES (2  ,3,1,0,1896,1);
INSERT INTO FencingEventsAtOlympics VALUES (3  ,1,1,0,1900,2);
INSERT INTO FencingEventsAtOlympics VALUES (4  ,2,1,0,1900,2);
INSERT INTO FencingEventsAtOlympics VALUES (5  ,3,1,0,1900,2);
INSERT INTO FencingEventsAtOlympics VALUES (6  ,1,1,0,1904,3);
INSERT INTO FencingEventsAtOlympics VALUES (7  ,1,1,1,1904,3);
INSERT INTO FencingEventsAtOlympics VALUES (8  ,2,1,0,1904,3);
INSERT INTO FencingEventsAtOlympics VALUES (9  ,3,1,0,1904,3);
INSERT INTO FencingEventsAtOlympics VALUES (10 ,2,1,0,1908,4);
INSERT INTO FencingEventsAtOlympics VALUES (11 ,2,1,1,1908,4);
INSERT INTO FencingEventsAtOlympics VALUES (12 ,3,1,0,1908,4);
INSERT INTO FencingEventsAtOlympics VALUES (13 ,3,1,1,1908,4);
INSERT INTO FencingEventsAtOlympics VALUES (14 ,1,1,0,1912,5);
INSERT INTO FencingEventsAtOlympics VALUES (15 ,2,1,0,1912,5);
INSERT INTO FencingEventsAtOlympics VALUES (16 ,2,1,1,1912,5);
INSERT INTO FencingEventsAtOlympics VALUES (17 ,3,1,0,1912,5);
INSERT INTO FencingEventsAtOlympics VALUES (18 ,3,1,1,1912,5);
INSERT INTO FencingEventsAtOlympics VALUES (19 ,1,1,0,1920,7);
INSERT INTO FencingEventsAtOlympics VALUES (20 ,1,1,1,1920,7);
INSERT INTO FencingEventsAtOlympics VALUES (21 ,2,1,0,1920,7);
INSERT INTO FencingEventsAtOlympics VALUES (22 ,2,1,1,1920,7);
INSERT INTO FencingEventsAtOlympics VALUES (23 ,3,1,0,1920,7);
INSERT INTO FencingEventsAtOlympics VALUES (24 ,3,1,1,1920,7);
INSERT INTO FencingEventsAtOlympics VALUES (25 ,1,1,0,1924,2);
INSERT INTO FencingEventsAtOlympics VALUES (26 ,1,1,1,1924,2);
INSERT INTO FencingEventsAtOlympics VALUES (27 ,2,1,0,1924,2);
INSERT INTO FencingEventsAtOlympics VALUES (28 ,2,1,1,1924,2);
INSERT INTO FencingEventsAtOlympics VALUES (29 ,3,1,0,1924,2);
INSERT INTO FencingEventsAtOlympics VALUES (30 ,3,1,1,1924,2);
INSERT INTO FencingEventsAtOlympics VALUES (31 ,1,1,0,1928,8);
INSERT INTO FencingEventsAtOlympics VALUES (32 ,1,1,1,1928,8);
INSERT INTO FencingEventsAtOlympics VALUES (33 ,2,1,0,1928,8);
INSERT INTO FencingEventsAtOlympics VALUES (34 ,2,1,1,1928,8);
INSERT INTO FencingEventsAtOlympics VALUES (35 ,3,1,0,1928,8);
INSERT INTO FencingEventsAtOlympics VALUES (36 ,3,1,1,1928,8);
INSERT INTO FencingEventsAtOlympics VALUES (37 ,1,1,0,1932,9);
INSERT INTO FencingEventsAtOlympics VALUES (38 ,1,1,1,1932,9);
INSERT INTO FencingEventsAtOlympics VALUES (39 ,2,1,0,1932,9);
INSERT INTO FencingEventsAtOlympics VALUES (40 ,2,1,1,1932,9);
INSERT INTO FencingEventsAtOlympics VALUES (41 ,3,1,0,1932,9);
INSERT INTO FencingEventsAtOlympics VALUES (42 ,3,1,1,1932,9);
INSERT INTO FencingEventsAtOlympics VALUES (43 ,1,1,0,1936,6);
INSERT INTO FencingEventsAtOlympics VALUES (44 ,1,1,1,1936,6);
INSERT INTO FencingEventsAtOlympics VALUES (45 ,2,1,0,1936,6);
INSERT INTO FencingEventsAtOlympics VALUES (46 ,2,1,1,1936,6);
INSERT INTO FencingEventsAtOlympics VALUES (47 ,3,1,0,1936,6);
INSERT INTO FencingEventsAtOlympics VALUES (48 ,3,1,1,1936,6);
INSERT INTO FencingEventsAtOlympics VALUES (49 ,1,1,0,1948,4);
INSERT INTO FencingEventsAtOlympics VALUES (50 ,1,1,1,1948,4);
INSERT INTO FencingEventsAtOlympics VALUES (51 ,2,1,0,1948,4);
INSERT INTO FencingEventsAtOlympics VALUES (52 ,2,1,1,1948,4);
INSERT INTO FencingEventsAtOlympics VALUES (53 ,3,1,0,1948,4);
INSERT INTO FencingEventsAtOlympics VALUES (54 ,3,1,1,1948,4);
INSERT INTO FencingEventsAtOlympics VALUES (55 ,1,1,0,1952,10);
INSERT INTO FencingEventsAtOlympics VALUES (56 ,1,1,1,1952,10);
INSERT INTO FencingEventsAtOlympics VALUES (57 ,2,1,0,1952,10);
INSERT INTO FencingEventsAtOlympics VALUES (58 ,2,1,1,1952,10);
INSERT INTO FencingEventsAtOlympics VALUES (59 ,3,1,0,1952,10);
INSERT INTO FencingEventsAtOlympics VALUES (60 ,3,1,1,1952,10);
INSERT INTO FencingEventsAtOlympics VALUES (61 ,1,1,0,1956,11);
INSERT INTO FencingEventsAtOlympics VALUES (62 ,1,1,1,1956,11);
INSERT INTO FencingEventsAtOlympics VALUES (63 ,2,1,0,1956,11);
INSERT INTO FencingEventsAtOlympics VALUES (64 ,2,1,1,1956,11);
INSERT INTO FencingEventsAtOlympics VALUES (65 ,3,1,0,1956,11);
INSERT INTO FencingEventsAtOlympics VALUES (66 ,3,1,1,1956,11);
INSERT INTO FencingEventsAtOlympics VALUES (67 ,1,1,0,1960,12);
INSERT INTO FencingEventsAtOlympics VALUES (68 ,1,1,1,1960,12);
INSERT INTO FencingEventsAtOlympics VALUES (69 ,2,1,0,1960,12);
INSERT INTO FencingEventsAtOlympics VALUES (70 ,2,1,1,1960,12);
INSERT INTO FencingEventsAtOlympics VALUES (71 ,3,1,0,1960,12);
INSERT INTO FencingEventsAtOlympics VALUES (72 ,3,1,1,1960,12);
INSERT INTO FencingEventsAtOlympics VALUES (73 ,1,1,0,1964,13);
INSERT INTO FencingEventsAtOlympics VALUES (74 ,1,1,1,1964,13);
INSERT INTO FencingEventsAtOlympics VALUES (75 ,2,1,0,1964,13);
INSERT INTO FencingEventsAtOlympics VALUES (76 ,2,1,1,1964,13);
INSERT INTO FencingEventsAtOlympics VALUES (77 ,3,1,0,1964,13);
INSERT INTO FencingEventsAtOlympics VALUES (78 ,3,1,1,1964,13);
INSERT INTO FencingEventsAtOlympics VALUES (79 ,1,1,0,1968,14);
INSERT INTO FencingEventsAtOlympics VALUES (80 ,1,1,1,1968,14);
INSERT INTO FencingEventsAtOlympics VALUES (81 ,2,1,0,1968,14);
INSERT INTO FencingEventsAtOlympics VALUES (82 ,2,1,1,1968,14);
INSERT INTO FencingEventsAtOlympics VALUES (83 ,3,1,0,1968,14);
INSERT INTO FencingEventsAtOlympics VALUES (84 ,3,1,1,1968,14);
INSERT INTO FencingEventsAtOlympics VALUES (85 ,1,1,0,1972,15);
INSERT INTO FencingEventsAtOlympics VALUES (86 ,1,1,1,1972,15);
INSERT INTO FencingEventsAtOlympics VALUES (87 ,2,1,0,1972,15);
INSERT INTO FencingEventsAtOlympics VALUES (88 ,2,1,1,1972,15);
INSERT INTO FencingEventsAtOlympics VALUES (89 ,3,1,0,1972,15);
INSERT INTO FencingEventsAtOlympics VALUES (90 ,3,1,1,1972,15);
INSERT INTO FencingEventsAtOlympics VALUES (91 ,1,1,0,1976,16);
INSERT INTO FencingEventsAtOlympics VALUES (92 ,1,1,1,1976,16);
INSERT INTO FencingEventsAtOlympics VALUES (93 ,2,1,0,1976,16);
INSERT INTO FencingEventsAtOlympics VALUES (94 ,2,1,1,1976,16);
INSERT INTO FencingEventsAtOlympics VALUES (95 ,3,1,0,1976,16);
INSERT INTO FencingEventsAtOlympics VALUES (96 ,3,1,1,1976,16);
INSERT INTO FencingEventsAtOlympics VALUES (97 ,1,1,0,1980,17);
INSERT INTO FencingEventsAtOlympics VALUES (98 ,1,1,1,1980,17);
INSERT INTO FencingEventsAtOlympics VALUES (99 ,2,1,0,1980,17);
INSERT INTO FencingEventsAtOlympics VALUES (100,2,1,1,1980,17);
INSERT INTO FencingEventsAtOlympics VALUES (101,3,1,0,1980,17);
INSERT INTO FencingEventsAtOlympics VALUES (102,3,1,1,1980,17);
INSERT INTO FencingEventsAtOlympics VALUES (103,1,1,0,1984,9);
INSERT INTO FencingEventsAtOlympics VALUES (104,1,1,1,1984,9);
INSERT INTO FencingEventsAtOlympics VALUES (105,2,1,0,1984,9);
INSERT INTO FencingEventsAtOlympics VALUES (106,2,1,1,1984,9);
INSERT INTO FencingEventsAtOlympics VALUES (107,3,1,0,1984,9);
INSERT INTO FencingEventsAtOlympics VALUES (108,3,1,1,1984,9);
INSERT INTO FencingEventsAtOlympics VALUES (109,1,1,0,1988,18);
INSERT INTO FencingEventsAtOlympics VALUES (110,1,1,1,1988,18);
INSERT INTO FencingEventsAtOlympics VALUES (111,2,1,0,1988,18);
INSERT INTO FencingEventsAtOlympics VALUES (112,2,1,1,1988,18);
INSERT INTO FencingEventsAtOlympics VALUES (113,3,1,0,1988,18);
INSERT INTO FencingEventsAtOlympics VALUES (114,3,1,1,1988,18);
INSERT INTO FencingEventsAtOlympics VALUES (115,1,1,0,1992,19);
INSERT INTO FencingEventsAtOlympics VALUES (116,1,1,1,1992,19);
INSERT INTO FencingEventsAtOlympics VALUES (117,2,1,0,1992,19);
INSERT INTO FencingEventsAtOlympics VALUES (118,2,1,1,1992,19);
INSERT INTO FencingEventsAtOlympics VALUES (119,3,1,0,1992,19);
INSERT INTO FencingEventsAtOlympics VALUES (120,3,1,1,1992,19);
INSERT INTO FencingEventsAtOlympics VALUES (121,1,1,0,1996,20);
INSERT INTO FencingEventsAtOlympics VALUES (122,1,1,1,1996,20);
INSERT INTO FencingEventsAtOlympics VALUES (123,2,1,0,1996,20);
INSERT INTO FencingEventsAtOlympics VALUES (124,2,1,1,1996,20);
INSERT INTO FencingEventsAtOlympics VALUES (125,3,1,0,1996,20);
INSERT INTO FencingEventsAtOlympics VALUES (126,3,1,1,1996,20);
INSERT INTO FencingEventsAtOlympics VALUES (127,1,1,0,2000,21);
INSERT INTO FencingEventsAtOlympics VALUES (128,1,1,1,2000,21);
INSERT INTO FencingEventsAtOlympics VALUES (129,2,1,0,2000,21);
INSERT INTO FencingEventsAtOlympics VALUES (130,2,1,1,2000,21);
INSERT INTO FencingEventsAtOlympics VALUES (131,3,1,0,2000,21);
INSERT INTO FencingEventsAtOlympics VALUES (132,3,1,1,2000,21);
INSERT INTO FencingEventsAtOlympics VALUES (133,1,1,0,2004,1);
INSERT INTO FencingEventsAtOlympics VALUES (134,1,1,1,2004,1);
INSERT INTO FencingEventsAtOlympics VALUES (135,2,1,0,2004,1);
INSERT INTO FencingEventsAtOlympics VALUES (136,2,1,1,2004,1);
INSERT INTO FencingEventsAtOlympics VALUES (137,3,1,0,2004,1);
INSERT INTO FencingEventsAtOlympics VALUES (138,3,1,1,2004,1);
INSERT INTO FencingEventsAtOlympics VALUES (139,1,1,0,2008,22);
INSERT INTO FencingEventsAtOlympics VALUES (140,2,1,0,2008,22);
INSERT INTO FencingEventsAtOlympics VALUES (141,2,1,1,2008,22);
INSERT INTO FencingEventsAtOlympics VALUES (142,3,1,0,2008,22);
INSERT INTO FencingEventsAtOlympics VALUES (143,3,1,1,2008,22);
INSERT INTO FencingEventsAtOlympics VALUES (144,1,1,0,2012,4);
INSERT INTO FencingEventsAtOlympics VALUES (145,1,1,1,2012,4);
INSERT INTO FencingEventsAtOlympics VALUES (146,2,1,0,2012,4);
INSERT INTO FencingEventsAtOlympics VALUES (147,3,1,0,2012,4);
INSERT INTO FencingEventsAtOlympics VALUES (148,3,1,1,2012,4);
INSERT INTO FencingEventsAtOlympics VALUES (149,1,1,0,2016,23);
INSERT INTO FencingEventsAtOlympics VALUES (150,1,1,1,2016,23);
INSERT INTO FencingEventsAtOlympics VALUES (151,2,1,0,2016,23);
INSERT INTO FencingEventsAtOlympics VALUES (152,2,1,1,2016,23);
INSERT INTO FencingEventsAtOlympics VALUES (153,3,1,0,2016,23);
INSERT INTO FencingEventsAtOlympics VALUES (154,1,0,0,1924,2);
INSERT INTO FencingEventsAtOlympics VALUES (155,1,0,0,1928,8);
INSERT INTO FencingEventsAtOlympics VALUES (156,1,0,0,1932,9);
INSERT INTO FencingEventsAtOlympics VALUES (157,1,0,0,1936,6);
INSERT INTO FencingEventsAtOlympics VALUES (158,1,0,0,1948,4);
INSERT INTO FencingEventsAtOlympics VALUES (159,1,0,0,1952,10);
INSERT INTO FencingEventsAtOlympics VALUES (160,1,0,0,1956,11);
INSERT INTO FencingEventsAtOlympics VALUES (161,1,0,0,1960,12);
INSERT INTO FencingEventsAtOlympics VALUES (162,1,0,1,1960,12);
INSERT INTO FencingEventsAtOlympics VALUES (163,1,0,0,1964,13);
INSERT INTO FencingEventsAtOlympics VALUES (164,1,0,1,1964,13);
INSERT INTO FencingEventsAtOlympics VALUES (165,1,0,0,1968,14);
INSERT INTO FencingEventsAtOlympics VALUES (166,1,0,1,1968,14);
INSERT INTO FencingEventsAtOlympics VALUES (167,1,0,0,1972,15);
INSERT INTO FencingEventsAtOlympics VALUES (168,1,0,1,1972,15);
INSERT INTO FencingEventsAtOlympics VALUES (169,1,0,0,1976,16);
INSERT INTO FencingEventsAtOlympics VALUES (170,1,0,1,1976,16);
INSERT INTO FencingEventsAtOlympics VALUES (171,1,0,0,1980,17);
INSERT INTO FencingEventsAtOlympics VALUES (172,1,0,1,1980,17);
INSERT INTO FencingEventsAtOlympics VALUES (173,1,0,0,1984,9);
INSERT INTO FencingEventsAtOlympics VALUES (174,1,0,1,1984,9);
INSERT INTO FencingEventsAtOlympics VALUES (175,1,0,0,1988,18);
INSERT INTO FencingEventsAtOlympics VALUES (176,1,0,1,1988,18);
INSERT INTO FencingEventsAtOlympics VALUES (177,1,0,0,1992,19);
INSERT INTO FencingEventsAtOlympics VALUES (178,1,0,1,1992,19);
INSERT INTO FencingEventsAtOlympics VALUES (179,1,0,0,1996,20);
INSERT INTO FencingEventsAtOlympics VALUES (180,1,0,1,1996,20);
INSERT INTO FencingEventsAtOlympics VALUES (181,2,0,0,1996,20);
INSERT INTO FencingEventsAtOlympics VALUES (182,2,0,1,1996,20);
INSERT INTO FencingEventsAtOlympics VALUES (183,1,0,0,2000,21);
INSERT INTO FencingEventsAtOlympics VALUES (184,1,0,1,2000,21);
INSERT INTO FencingEventsAtOlympics VALUES (185,2,0,0,2000,21);
INSERT INTO FencingEventsAtOlympics VALUES (186,2,0,1,2000,21);
INSERT INTO FencingEventsAtOlympics VALUES (187,1,0,0,2004,1);
INSERT INTO FencingEventsAtOlympics VALUES (188,2,0,0,2004,1);
INSERT INTO FencingEventsAtOlympics VALUES (189,2,0,1,2004,1);
INSERT INTO FencingEventsAtOlympics VALUES (190,3,0,0,2004,1);
INSERT INTO FencingEventsAtOlympics VALUES (191,1,0,0,2008,22);
INSERT INTO FencingEventsAtOlympics VALUES (192,1,0,1,2008,22);
INSERT INTO FencingEventsAtOlympics VALUES (193,2,0,0,2008,22);
INSERT INTO FencingEventsAtOlympics VALUES (194,3,0,0,2008,22);
INSERT INTO FencingEventsAtOlympics VALUES (195,3,0,1,2008,22);
INSERT INTO FencingEventsAtOlympics VALUES (196,1,0,0,2012,4);
INSERT INTO FencingEventsAtOlympics VALUES (197,1,0,1,2012,4);
INSERT INTO FencingEventsAtOlympics VALUES (198,2,0,0,2012,4);
INSERT INTO FencingEventsAtOlympics VALUES (199,2,0,1,2012,4);
INSERT INTO FencingEventsAtOlympics VALUES (200,3,0,0,2012,4);
INSERT INTO FencingEventsAtOlympics VALUES (201,1,0,0,2016,23);
INSERT INTO FencingEventsAtOlympics VALUES (202,2,0,0,2016,23);
INSERT INTO FencingEventsAtOlympics VALUES (203,2,0,1,2016,23);
INSERT INTO FencingEventsAtOlympics VALUES (204,3,0,0,2016,23);
INSERT INTO FencingEventsAtOlympics VALUES (205,3,0,1,2016,23);

-- upload Nations table with data
INSERT INTO Nations VALUES (1	,'Greece'					,'Ýmnos eis tīn Eleutherían'					,62		,2	,1	,1);
INSERT INTO Nations VALUES (2	,'France'					,'La Marseillaise'								,465	,41	,41	,35);
INSERT INTO Nations VALUES (3	,'United States of America'	,'The Star-Spangled Banner'						,263	,2	,9	,14);
INSERT INTO Nations VALUES (4	,'United Kingdom'			,'God Save the Queen'							,304	,1	,8	,0);
INSERT INTO Nations VALUES (5	,'Sweden'					,'Du gamla, Du fria'							,156	,2	,3	,2);
INSERT INTO Nations VALUES (6	,'Germany'					,'Lied der Deutschen'							,160	,5	,7	,9);
INSERT INTO Nations VALUES (7	,'Belgium'					,'Brabançonne'									,197	,3	,3	,4);
INSERT INTO Nations VALUES (8	,'Netherland'				,'Wilhelmus'									,111	,0	,0	,5);
INSERT INTO Nations VALUES (10	,'Finland'					,'Maamme'										,39		,0	,0	,0);
INSERT INTO Nations VALUES (11	,'Australia'				,'Advance Australia Fair'						,67		,0	,0	,0);
INSERT INTO Nations VALUES (12	,'Italy'					,'Il Canto degli Italiani'						,437	,49	,43	,33);
INSERT INTO Nations VALUES (13	,'Japan'					,'Kimigayo'										,101	,0	,2	,0);
INSERT INTO Nations VALUES (14	,'Mexico'					,'Himno Nacional Mexicano'						,71		,0	,1	,0);
INSERT INTO Nations VALUES (15	,'West Germany'				,'Deutschlandlied'								,95		,7	,8	,1);
INSERT INTO Nations VALUES (16	,'Canada'					,'Ô Canada'										,136	,0	,0	,0);
INSERT INTO Nations VALUES (17	,'Soviet Union'				,'State Anthem of the Soviet Union'				,173	,18	,15	,16);
INSERT INTO Nations VALUES (18	,'South Korea'				,'Aegukga'										,120	,4	,2	,5);
INSERT INTO Nations VALUES (19	,'Spain'					,'La Marcha Real'								,86		,0	,0	,1);
INSERT INTO Nations VALUES (22	,'China'					,'Yìyǒngjūn Jìnxíngqǔ'							,136	,4	,7	,3);
INSERT INTO Nations VALUES (23	,'Brazil'					,'Hino Nacional Brasileiro'						,53		,0	,0	,0);
INSERT INTO Nations VALUES (24	,'Hungary'					,'Himnusz'										,363	,37	,23	,27);
INSERT INTO Nations VALUES (25	,'Russia'					,'Gosudarstvenny Gimn Rossiyskoy Federatsii'	,122	,13	,5	,8);
INSERT INTO Nations VALUES (26	,'Cuba'						,'El Himno de Bayamo'							,103	,5	,5	,6);
INSERT INTO Nations VALUES (27	,'Poland'					,'Mazurek Dąbrowskiego'							,253	,4	,9	,9);

-- upload EventXNations table with data
INSERT INTO EventXNations VALUES (1			,1			,1 );
INSERT INTO EventXNations VALUES (2			,2			,1 );
INSERT INTO EventXNations VALUES (3			,133		,1 );
INSERT INTO EventXNations VALUES (4			,134		,1 );
INSERT INTO EventXNations VALUES (5			,135		,1 );
INSERT INTO EventXNations VALUES (6			,136		,1 );
INSERT INTO EventXNations VALUES (7			,137		,1 );
INSERT INTO EventXNations VALUES (8			,138		,1 );
INSERT INTO EventXNations VALUES (9			,187		,1 );
INSERT INTO EventXNations VALUES (10		,188		,1 );
INSERT INTO EventXNations VALUES (11		,189		,1 );
INSERT INTO EventXNations VALUES (12		,190		,1 );
INSERT INTO EventXNations VALUES (13		,3			,2 );
INSERT INTO EventXNations VALUES (14		,4			,2 );
INSERT INTO EventXNations VALUES (15		,5			,2 );
INSERT INTO EventXNations VALUES (16		,25			,2 );
INSERT INTO EventXNations VALUES (17		,26			,2 );
INSERT INTO EventXNations VALUES (18		,27			,2 );
INSERT INTO EventXNations VALUES (19		,28			,2 );
INSERT INTO EventXNations VALUES (20		,29			,2 );
INSERT INTO EventXNations VALUES (21		,30			,2 );
INSERT INTO EventXNations VALUES (22		,154		,2 );
INSERT INTO EventXNations VALUES (23		,6			,3 );
INSERT INTO EventXNations VALUES (24		,7			,3 );
INSERT INTO EventXNations VALUES (25		,8			,3 );
INSERT INTO EventXNations VALUES (26		,9			,3 );
INSERT INTO EventXNations VALUES (27		,37			,3 );
INSERT INTO EventXNations VALUES (28		,38			,3 );
INSERT INTO EventXNations VALUES (29		,39			,3 );
INSERT INTO EventXNations VALUES (30		,40			,3 );
INSERT INTO EventXNations VALUES (31		,41			,3 );
INSERT INTO EventXNations VALUES (32		,42			,3 );
INSERT INTO EventXNations VALUES (33		,103		,3 );
INSERT INTO EventXNations VALUES (34		,104		,3 );
INSERT INTO EventXNations VALUES (35		,105		,3 );
INSERT INTO EventXNations VALUES (36		,106		,3 );
INSERT INTO EventXNations VALUES (37		,107		,3 );
INSERT INTO EventXNations VALUES (38		,108		,3 );
INSERT INTO EventXNations VALUES (39		,156		,3 );
INSERT INTO EventXNations VALUES (40		,173		,3 );
INSERT INTO EventXNations VALUES (41		,174		,3 );
INSERT INTO EventXNations VALUES (42		,121		,3 );
INSERT INTO EventXNations VALUES (43		,122		,3 );
INSERT INTO EventXNations VALUES (44		,123		,3 );
INSERT INTO EventXNations VALUES (45		,124		,3 );
INSERT INTO EventXNations VALUES (46		,125		,3 );
INSERT INTO EventXNations VALUES (47		,126		,3 );
INSERT INTO EventXNations VALUES (48		,179		,3 );
INSERT INTO EventXNations VALUES (49		,180		,3 );
INSERT INTO EventXNations VALUES (50		,181		,3 );
INSERT INTO EventXNations VALUES (51		,182		,3 );
INSERT INTO EventXNations VALUES (52		,10			,4 );
INSERT INTO EventXNations VALUES (53		,11			,4 );
INSERT INTO EventXNations VALUES (54		,12			,4 );
INSERT INTO EventXNations VALUES (55		,13			,4 );
INSERT INTO EventXNations VALUES (56		,49			,4 );
INSERT INTO EventXNations VALUES (57		,50			,4 );
INSERT INTO EventXNations VALUES (58		,51			,4 );
INSERT INTO EventXNations VALUES (59		,52			,4 );
INSERT INTO EventXNations VALUES (60		,53			,4 );
INSERT INTO EventXNations VALUES (61		,54			,4 );
INSERT INTO EventXNations VALUES (62		,144		,4 );
INSERT INTO EventXNations VALUES (63		,145		,4 );
INSERT INTO EventXNations VALUES (64		,146		,4 );
INSERT INTO EventXNations VALUES (65		,147		,4 );
INSERT INTO EventXNations VALUES (66		,148		,4 );
INSERT INTO EventXNations VALUES (67		,158		,4 );
INSERT INTO EventXNations VALUES (68		,196		,4 );
INSERT INTO EventXNations VALUES (69		,197		,4 );
INSERT INTO EventXNations VALUES (70		,198		,4 );
INSERT INTO EventXNations VALUES (71		,199		,4 );
INSERT INTO EventXNations VALUES (72		,200		,4 );
INSERT INTO EventXNations VALUES (73		,14			,5 );
INSERT INTO EventXNations VALUES (74		,15			,5 );
INSERT INTO EventXNations VALUES (75		,16			,5 );
INSERT INTO EventXNations VALUES (76		,17			,5 );
INSERT INTO EventXNations VALUES (77		,18			,5 );
INSERT INTO EventXNations VALUES (78		,43			,6 );
INSERT INTO EventXNations VALUES (79		,44			,6 );
INSERT INTO EventXNations VALUES (80		,45			,6 );
INSERT INTO EventXNations VALUES (81		,46			,6 );
INSERT INTO EventXNations VALUES (82		,47			,6 );
INSERT INTO EventXNations VALUES (83		,48			,6 );
INSERT INTO EventXNations VALUES (84		,157		,6 );
INSERT INTO EventXNations VALUES (85		,19			,7 );
INSERT INTO EventXNations VALUES (86		,20			,7 );
INSERT INTO EventXNations VALUES (87		,21			,7 );
INSERT INTO EventXNations VALUES (88		,22			,7 );
INSERT INTO EventXNations VALUES (89		,23			,7 );
INSERT INTO EventXNations VALUES (90		,24			,7 );
INSERT INTO EventXNations VALUES (91		,31			,8 );
INSERT INTO EventXNations VALUES (92		,32			,8 );
INSERT INTO EventXNations VALUES (93		,33			,8 );
INSERT INTO EventXNations VALUES (94		,34			,8 );
INSERT INTO EventXNations VALUES (95		,35			,8 );
INSERT INTO EventXNations VALUES (96		,36			,8 );
INSERT INTO EventXNations VALUES (97		,155		,8 );
INSERT INTO EventXNations VALUES (98		,55			,10);
INSERT INTO EventXNations VALUES (99		,56			,10);
INSERT INTO EventXNations VALUES (100		,57			,10);
INSERT INTO EventXNations VALUES (101		,58			,10);
INSERT INTO EventXNations VALUES (102		,59			,10);
INSERT INTO EventXNations VALUES (103		,60			,10);
INSERT INTO EventXNations VALUES (104		,159		,10);
INSERT INTO EventXNations VALUES (105		,61			,11);
INSERT INTO EventXNations VALUES (106		,62			,11);
INSERT INTO EventXNations VALUES (107		,63			,11);
INSERT INTO EventXNations VALUES (108		,64			,11);
INSERT INTO EventXNations VALUES (109		,65			,11);
INSERT INTO EventXNations VALUES (110		,66			,11);
INSERT INTO EventXNations VALUES (111		,160		,11);
INSERT INTO EventXNations VALUES (112		,127		,11);
INSERT INTO EventXNations VALUES (113		,128		,11);
INSERT INTO EventXNations VALUES (114		,129		,11);
INSERT INTO EventXNations VALUES (115		,130		,11);
INSERT INTO EventXNations VALUES (116		,131		,11);
INSERT INTO EventXNations VALUES (117		,132		,11);
INSERT INTO EventXNations VALUES (118		,183		,11);
INSERT INTO EventXNations VALUES (119		,184		,11);
INSERT INTO EventXNations VALUES (120		,185		,11);
INSERT INTO EventXNations VALUES (121		,186		,11);
INSERT INTO EventXNations VALUES (122		,67			,12);
INSERT INTO EventXNations VALUES (123		,68			,12);
INSERT INTO EventXNations VALUES (124		,69			,12);
INSERT INTO EventXNations VALUES (125		,70			,12);
INSERT INTO EventXNations VALUES (126		,71			,12);
INSERT INTO EventXNations VALUES (127		,72			,12);
INSERT INTO EventXNations VALUES (128		,161		,12);
INSERT INTO EventXNations VALUES (129		,162		,12);
INSERT INTO EventXNations VALUES (130		,73			,13);
INSERT INTO EventXNations VALUES (131		,74			,13);
INSERT INTO EventXNations VALUES (132		,75			,13);
INSERT INTO EventXNations VALUES (133		,76			,13);
INSERT INTO EventXNations VALUES (134		,77			,13);
INSERT INTO EventXNations VALUES (135		,78			,13);
INSERT INTO EventXNations VALUES (136		,163		,13);
INSERT INTO EventXNations VALUES (137		,164		,13);
INSERT INTO EventXNations VALUES (138		,79			,14);
INSERT INTO EventXNations VALUES (139		,80			,14);
INSERT INTO EventXNations VALUES (140		,81			,14);
INSERT INTO EventXNations VALUES (141		,82			,14);
INSERT INTO EventXNations VALUES (142		,83			,14);
INSERT INTO EventXNations VALUES (143		,84			,14);
INSERT INTO EventXNations VALUES (144		,165		,14);
INSERT INTO EventXNations VALUES (145		,166		,14);
INSERT INTO EventXNations VALUES (146		,85			,15);
INSERT INTO EventXNations VALUES (147		,86			,15);
INSERT INTO EventXNations VALUES (148		,87			,15);
INSERT INTO EventXNations VALUES (149		,88			,15);
INSERT INTO EventXNations VALUES (150		,89			,15);
INSERT INTO EventXNations VALUES (151		,90			,15);
INSERT INTO EventXNations VALUES (152		,167		,15);
INSERT INTO EventXNations VALUES (153		,168		,15);
INSERT INTO EventXNations VALUES (154		,91			,16);
INSERT INTO EventXNations VALUES (155		,92			,16);
INSERT INTO EventXNations VALUES (156		,93			,16);
INSERT INTO EventXNations VALUES (157		,94			,16);
INSERT INTO EventXNations VALUES (158		,95			,16);
INSERT INTO EventXNations VALUES (159		,96			,16);
INSERT INTO EventXNations VALUES (160		,169		,16);
INSERT INTO EventXNations VALUES (161		,170		,16);
INSERT INTO EventXNations VALUES (162		,97			,17);
INSERT INTO EventXNations VALUES (163		,98			,17);
INSERT INTO EventXNations VALUES (164		,99			,17);
INSERT INTO EventXNations VALUES (165		,100		,17);
INSERT INTO EventXNations VALUES (166		,101		,17);
INSERT INTO EventXNations VALUES (167		,102		,17);
INSERT INTO EventXNations VALUES (168		,171		,17);
INSERT INTO EventXNations VALUES (169		,172		,17);
INSERT INTO EventXNations VALUES (170		,109		,18);
INSERT INTO EventXNations VALUES (171		,110		,18);
INSERT INTO EventXNations VALUES (172		,111		,18);
INSERT INTO EventXNations VALUES (173		,112		,18);
INSERT INTO EventXNations VALUES (174		,113		,18);
INSERT INTO EventXNations VALUES (175		,114		,18);
INSERT INTO EventXNations VALUES (176		,175		,18);
INSERT INTO EventXNations VALUES (177		,176		,18);
INSERT INTO EventXNations VALUES (178		,115		,19);
INSERT INTO EventXNations VALUES (179		,116		,19);
INSERT INTO EventXNations VALUES (180		,117		,19);
INSERT INTO EventXNations VALUES (181		,118		,19);
INSERT INTO EventXNations VALUES (182		,119		,19);
INSERT INTO EventXNations VALUES (183		,120		,19);
INSERT INTO EventXNations VALUES (184		,177		,19);
INSERT INTO EventXNations VALUES (185		,178		,19);
INSERT INTO EventXNations VALUES (186		,139		,22);
INSERT INTO EventXNations VALUES (187		,140		,22);
INSERT INTO EventXNations VALUES (188		,141		,22);
INSERT INTO EventXNations VALUES (189		,142		,22);
INSERT INTO EventXNations VALUES (190		,143		,22);
INSERT INTO EventXNations VALUES (191		,191		,22);
INSERT INTO EventXNations VALUES (192		,192		,22);
INSERT INTO EventXNations VALUES (193		,193		,22);
INSERT INTO EventXNations VALUES (194		,194		,22);
INSERT INTO EventXNations VALUES (195		,195		,22);
INSERT INTO EventXNations VALUES (196		,149		,23);
INSERT INTO EventXNations VALUES (197		,150		,23);
INSERT INTO EventXNations VALUES (198		,151		,23);
INSERT INTO EventXNations VALUES (199		,152		,23);
INSERT INTO EventXNations VALUES (200		,153		,23);
INSERT INTO EventXNations VALUES (201		,201		,23);
INSERT INTO EventXNations VALUES (202		,202		,23);
INSERT INTO EventXNations VALUES (203		,203		,23);
INSERT INTO EventXNations VALUES (204		,204		,23);
INSERT INTO EventXNations VALUES (205		,205		,23);